Metric,Value
Silhouette Score,0.925604577355976
Davies-Bouldin Score,0.04916723538205887
Adjusted Rand Index,0.005554347761347707
