Metric,Value
Silhouette Score,0.31088006496429443
Davies-Bouldin Score,1.1847682911686561
Adjusted Rand Index,-0.0011532343328664394
