Metric,Value
Silhouette Score,0.3861488997936249
Davies-Bouldin Score,0.31123321433221945
Adjusted Rand Index,0.1316221463983404
