Metric,Value
Silhouette Score,0.3778340220451355
Davies-Bouldin Score,1.0033033920427694
Adjusted Rand Index,0.10406596702954563
