Metric,Value
Silhouette Score,0.8717654592546495
Davies-Bouldin Score,1.0489160592855271
Adjusted Rand Index,0.012817161461369502
